Strain	ST Oxf	ST Pas	K/O typing	City	Collection date	AMK	GEN	IPM	MEM	CRO	CAZ	FEP	MIN	TGC	CST	Accession
13-1	195	2	KL3, OCL1	Xi'an	20131226	512	512	64	128	1024	1024	1024	4	1	0.06	SAMN36593393
13-10	208	2	KL2, OCL1	Xi'an	20130826	512	512	128	4	1024	1024	1024	8	2	0.125	SAMN36593394
13-11	-	354	KL153, OCL12	Xi'an	20130905	4	2	0.25	0.125	8	2	2	<0.06	0.5	0.125	SAMN36593395
13-13	195	2	KL3, OCL1	Xi'an	20130613	512	512	64	128	1024	1024	512	4	1	0.125	SAMN36593396
13-15	195	2	KL3, OCL1	Xi'an	20130813	512	512	64	128	1024	1024	512	4	0.5	0.125	SAMN36593397
13-18	368	2	KL161, OCL1	Xi'an	20130422	512	512	64	128	1024	128	1024	8	1	0.125	SAMN36593398
13-19	368	2	KL161, OCL1	Xi'an	20130625	512	512	64	128	1024	128	1024	8	0.5	0.125	SAMN36593399
13-2	195	2	KL3, OCL1	Xi'an	20131115	512	512	64	64	1024	1024	512	4	1	0.125	SAMN36593400
13-22	208	2	KL2, OCL1	Xi'an	20130503	512	512	8	32	1024	128	64	4	1	0.125	SAMN36593401
13-24	368	2	KL161, OCL1	Xi'an	20130520	512	512	64	128	1024	128	1024	8	1	0.125	SAMN36593402
13-26	195	2	KL3, OCL1	Xi'an	20130708	512	512	64	128	1024	1024	512	4	1	0.25	SAMN36593403
13-29	368	2	KL161, OCL1	Xi'an	20130520	512	512	128	512	512	256	256	8	0.5	0.125	SAMN36593404
13-5	195	2	KL3, OCL1	Xi'an	20131003	512	512	64	64	1024	512	512	16	0.5	0.125	SAMN36593405
13-6	208	2	KL2, OCL1	Xi'an	20130410	512	512	8	32	1024	256	32	1	1	<0.03	SAMN36593406
13-9	368	2	KL161, OCL1	Xi'an	20130621	512	512	128	64	1024	128	1024	16	0.5	0.125	SAMN36593407
14-10	195	2	KL3, OCL1	Xi'an	20140826	512	512	64	128	1024	1024	512	4	1	0.06	SAMN36593408
14-13	195	2	KL3, OCL1	Xi'an	20140606	512	512	32	2	1024	1024	256	4	1	0.125	SAMN36593409
14-16	195	2	KL3, OCL1	Xi'an	20140418	512	512	64	128	1024	1024	512	4	1	<0.03	SAMN36593410
14-18	195	2	KL3, OCL1	Xi'an	20140110	512	512	64	128	1024	1024	1024	4	1	0.125	SAMN36593411
14-3	208	2	KL2, OCL1	Xi'an	20141029	512	512	128	512	1024	256	256	4	1	0.25	SAMN36593412
14-5	195	2	KL3, OCL1	Xi'an	20141003	512	512	64	128	1024	1024	512	8	2	0.06	SAMN36593413
14-7	195	2	KL3, OCL1	Xi'an	20140915	512	512	64	128	1024	1024	512	4	1	0.125	SAMN36593414
14-8	208	2	KL2, OCL1	Xi'an	20140902	512	512	256	512	1024	256	1024	4	0.5	0.25	SAMN36593415
15-1	208	2	KL7, OCL1	Xi'an	20150415	512	512	2	4	1024	128	1024	4	1	0.125	SAMN36593416
15-14	208	2	KL2, OCL1	Xi'an	20151205	512	512	128	256	1024	128	512	4	1	0.25	SAMN36593417
15-15	208	2	KL7, OCL1	Xi'an	20150409	512	512	2	4	1024	256	1024	4	1	0.125	SAMN36593418
15-2	208	2	KL2, OCL1	Xi'an	20150810	512	512	128	512	1024	128	512	4	1	0.125	SAMN36593419
15-3	208	2	KL2, OCL1	Xi'an	20150917	512	512	8	32	1024	128	128	4	1	0.06	SAMN36593420
15-5	208	2	KL2, OCL1	Xi'an	20151007	512	512	8	32	1024	128	128	4	0.25	0.125	SAMN36593421
15-8	195	2	KL3, OCL1	Xi'an	20150205	512	512	32	64	1024	1024	256	4	0.5	0.25	SAMN36593422
16-1	195	2	KL3, OCL1	Xi'an	20160319	512	512	64	64	1024	1024	1024	2	1	<0.03	SAMN36593423
16-11	195	2	KL3, OCL1	Xi'an	20160219	512	512	64	128	1024	1024	1024	4	0.5	0.125	SAMN36593424
16-12	195	2	KL3, OCL1	Xi'an	20160222	512	512	64	128	1024	1024	1024	4	1	0.125	SAMN36593425
16-15	208	2	KL2, OCL1	Xi'an	20160831	512	512	128	256	512	128	32	8	1	0.5	SAMN36593426
16-18	208	2	KL2, OCL1	Xi'an	20161102	512	512	128	256	512	128	32	8	1	0.5	SAMN36593427
16-3	208	2	KL2, OCL1	Xi'an	20160326	8	512	8	32	1024	128	64	4	0.5	0.125	SAMN36593428
16-4	208	2	KL2, OCL1	Xi'an	20160329	512	512	128	256	1024	128	256	4	1	0.5	SAMN36593429
16-5	195	2	KL3, OCL1	Xi'an	20160215	512	512	64	128	1024	1024	1024	4	0.5	0.125	SAMN36593430
16-6	195	2	KL3, OCL1	Xi'an	20160323	512	512	64	64	1024	1024	256	8	0.5	0.125	SAMN36593431
16-7	208	2	KL2, OCL1	Xi'an	20160326	512	512	128	256	1024	128	256	4	0.5	1	SAMN36593432
16-8	208	2	KL2, OCL1	Xi'an	20160822	512	512	128	256	1024	1024	256	4	0.5	1	SAMN36593433
17-11	195	2	KL3, OCL1	Xi'an	20171117	512	512	128	64	1024	1024	256	4	2	0.25	SAMN36593434
17-12	-	2	KL129, OCL1	Xi'an	20170912	512	512	64	64	1024	128	512	2	2	0.25	SAMN36593435
17-13	208	2	KL2, OCL1	Xi'an	20171019	512	512	16	32	1024	128	128	4	2	0.125	SAMN36593436
17-16	208	2	KL2, OCL1	Xi'an	20171202	512	512	256	256	1024	1024	512	4	2	0.25	SAMN36593437
17-18	195	2	KL3, OCL1	Xi'an	20170129	512	512	256	128	1024	1024	1024	4	2	0.125	SAMN36593438
17-19	208	2	KL2, OCL1	Xi'an	20170211	512	512	256	512	1024	128	256	8	1	0.25	SAMN36593439
17-2	208	2	KL2, OCL1	Xi'an	20170327	512	512	256	512	1024	128	64	8	2	0.25	SAMN36593440
17-20	208	2	KL2, OCL1	Xi'an	20170306	512	512	16	32	1024	256	128	4	2	0.125	SAMN36593441
17-6	208	2	KL2, OCL1	Xi'an	20171013	512	512	256	256	1024	1024	512	4	2	0.125	SAMN36593442
17-8	208	2	KL2, OCL1	Xi'an	20171030	512	512	32	64	1024	128	64	4	2	0.125	SAMN36593443
17-9	195	2	KL3, OCL1	Xi'an	20171111	512	512	128	64	1024	1024	256	4	2	0.25	SAMN36593444
18-12	1418	164	KL47, OCL5	Xi'an	20180925	4	512	64	64	1024	1024	1024	<0.06	1	0.06	SAMN36593445
18-13	1418	164	KL47, OCL5	Xi'an	20181129	4	512	64	64	1024	1024	1024	<0.06	1	0.125	SAMN36593446
18-14	1418	164	KL47, OCL5	Xi'an	20181207	16	512	256	128	1024	1024	1024	<0.06	2	0.06	SAMN36593447
18-17	208	2	KL2, OCL1	Xi'an	20181229	512	512	16	32	1024	128	1024	4	2	0.125	SAMN36593448
18-18	208	-	KL2, OCL1	Xi'an	20190102	8	512	64	64	1024	256	256	4	2	0.25	SAMN36593449
18-2	208	2	KL2, OCL1	Xi'an	20180704	512	512	256	256	1024	1024	512	4	2	0.125	SAMN36593450
18-5	208	2	KL2, OCL1	Xi'an	20180730	512	512	16	16	1024	256	64	4	2	0.125	SAMN36593451
18-7	1418	164	KL47, OCL5	Xi'an	20180830	16	512	32	64	1024	1024	1024	<0.06	1	0.125	SAMN36593452
19-1	195	2	KL3, OCL1	Xi'an	20190514	512	512	64	64	1024	1024	1024	4	2	0.125	SAMN36593453
19-11	195	2	KL3, OCL1	Xi'an	20191007	512	512	128	64	1024	1024	256	4	0.03	0.25	SAMN36593454
19-14	208	2	KL2, OCL1	Xi'an	20191113	512	512	16	32	1024	128	32	4	2	0.125	SAMN36593455
19-15	195	2	KL3, OCL1	Xi'an	20191113	512	512	128	128	1024	1024	512	4	2	0.125	SAMN36593456
19-4	195	2	KL3, OCL1	Xi'an	20190819	8	16	64	64	1024	1024	512	4	2	0.125	SAMN36593457
20-11	195	2	KL3, OCL1	Xi'an	20200521	512	512	64	64	1024	1024	512	4	1	0.25	SAMN36593458
20-13	195	2	KL3, OCL1	Xi'an	20200530	512	512	128	128	1024	1024	512	4	2	0.125	SAMN36593459
20-15	1418	164	KL47, OCL5	Xi'an	20200603	512	8	64	64	1024	1024	256	<0.06	2	<0.03	SAMN36593460
20-16	-	2	KL14, OCL1	Xi'an	20200907	512	512	64	128	1024	1024	1024	2	2	0.5	SAMN36593461
20-18	208	2	KL2, OCL1	Xi'an	20201021	512	512	16	16	1024	128	64	4	2	0.25	SAMN36593462
20-3	-	2	KL14, OCL1	Xi'an	20200917	512	512	128	128	1024	1024	512	2	2	0.25	SAMN36593463
20-6	208	2	KL2, OCL1	Xi'an	20201226	512	512	16	32	1024	128	32	4	2	0.125	SAMN36593464
20-9	195	2	KL3, OCL1	Xi'an	20200111	512	512	256	256	1024	1024	1024	4	1	0.25	SAMN36593465
21-11	1418	164	KL47, OCL5	Xi'an	20210922	4	4	128	64	1024	1024	1024	<0.06	1	<0.03	SAMN36593466
21-13	195	2	KL3, OCL1	Xi'an	20211203	512	512	256	128	1024	1024	512	4	1	<0.03	SAMN36593467
21-17	208	2	KL2, OCL1	Xi'an	20211120	512	512	16	16	1024	128	32	4	2	0.125	SAMN36593468
21-19	1418	164	KL47, OCL5	Xi'an	20210121	4	4	64	64	1024	1024	1024	<0.06	1	0.06	SAMN36593469
21-21	195	2	KL3, OCL1	Xi'an	20210126	512	512	256	128	1024	1024	512	4	1	0.25	SAMN36593470
21-3	208	2	KL2, OCL1	Xi'an	20210404	512	512	16	16	1024	128	64	4	2	0.25	SAMN36593471
21-4	381	2	KL77, OCL1	Xi'an	20210404	4	256	256	64	1024	128	512	2	2	0.25	SAMN36593472
21-6	1418	164	KL47, OCL5	Xi'an	20210825	4	4	128	64	1024	1024	1024	<0.06	2	0.06	SAMN36593473
21-9	195	2	KL3, OCL1	Xi'an	20210901	512	512	128	256	1024	1024	512	4	1	0.25	SAMN36593474
22-1	195	2	KL3, OCL1	Xi'an	20220103	512	512	256	128	1024	1024	512	2	1	0.125	SAMN36593475
22-10	208	2	KL2, OCL1	Xi'an	20220311	512	512	16	32	1024	128	64	4	2	0.25	SAMN36593476
22-11	540	2	KL160, OCL1	Xi'an	20220516	512	512	128	64	1024	256	512	4	2	0.5	SAMN36593477
22-13	195	2	KL3, OCL1	Xi'an	20220605	512	512	128	256	1024	1024	1024	2	2	<0.03	SAMN36593478
22-17	195	2	KL3, OCL1	Xi'an	20220216	512	512	256	256	1024	1024	512	2	1	<0.03	SAMN36593479
22-18	195	2	KL3, OCL1	Xi'an	20220406	512	512	256	128	1024	1024	512	4	1	0.25	SAMN36593480
22-21	195	2	KL3, OCL1	Xi'an	20220614	512	512	256	128	1024	512	512	8	0.25	0.06	SAMN36593481
22-22	195	2	KL3, OCL1	Xi'an	20220710	512	512	256	256	1024	1024	512	4	1	0.25	SAMN36593482
22-3	208	2	KL2, OCL1	Xi'an	20220130	512	512	16	16	1024	128	128	4	2	0.125	SAMN36593483
22-4	195	2	KL3, OCL1	Xi'an	20220413	512	512	256	256	1024	1024	512	4	2	<0.03	SAMN36593484
22-5	208	2	KL2, OCL1	Xi'an	20220606	16	512	16	32	1024	512	256	4	1	0.125	SAMN36593485
22-8	195	2	KL3, OCL1	Xi'an	20220101	8	16	256	256	1024	1024	1024	4	1	0.25	SAMN36593486
Ab1	208	2	KL115, OCL1	Hangzhou	20210111	512	512	32	32	1024	1024	64	8	1	0.25	SAMN36593487
Ab10	938	2	KL3, OCL1	Hangzhou	20210116	512	512	128	128	1024	1024	256	8	0.5	0.125	SAMN36593488
Ab109	208	2	KL72, OCL1	Hangzhou	20210507	8	16	32	64	1024	512	128	1	1	0.06	SAMN36593489
Ab117	208	2	KL9, OCL1	Hangzhou	20210511	512	512	128	128	1024	128	256	8	1	0.125	SAMN36593490
Ab120	208	2	KL3, OCL1	Hangzhou	20210513	8	16	64	128	1024	128	512	1	2	0.25	SAMN36593491
Ab124	195	2	KL9, OCL1	Hangzhou	20210514	512	512	32	16	1024	1024	256	8	2	<0.03	SAMN36593492
Ab133	195	2	KL9, OCL1	Hangzhou	20210521	512	512	64	64	1024	512	256	8	2	0.125	SAMN36593493
Ab144	208	2	KL3, OCL1	Hangzhou	20210528	4	512	64	64	1024	64	256	8	1	0.25	SAMN36593494
Ab159	195	2	KL9, OCL18	Hangzhou	20210606	512	512	64	64	1024	512	512	8	1	0.125	SAMN36593495
Ab171	462	46	KL9, OCL1	Hangzhou	20210615	16	64	64	64	128	32	1024	4	2	0.5	SAMN36593496
Ab180	208	2	KL194, OCL2	Hangzhou	20210620	8	512	64	64	1024	128	512	8	1	0.25	SAMN36593497
Ab188	369	-	KL9, OCL1	Hangzhou	20210622	8	32	64	64	1024	1024	1024	0.25	2	0.25	SAMN36593498
Ab19	136	2	KL9, OCL1	Hangzhou	20210121	512	512	128	128	1024	1024	256	8	0.5	0.125	SAMN36593499
Ab200	208	2	KL2, OCL1	Hangzhou	20210702	512	512	32	64	1024	1024	512	2	2	0.06	SAMN36593500
Ab212	540	2	KL3, OCL1	Hangzhou	20210712	8	32	32	64	1024	1024	512	4	1	0.125	SAMN36593501
Ab218	1324	374	KL9, OCL1	Hangzhou	20210717	1	0.5	32	64	16	8	4	<0.06	0.25	0.25	SAMN36593502
Ab233	208	2	KL9, OCL1	Hangzhou	20210722	8	512	64	64	1024	128	128	4	2	0.25	SAMN36593503
Ab245	208	2	KL2, OCL1	Hangzhou	20210731	16	32	64	128	1024	128	128	8	1	0.25	SAMN36593504
Ab254	540	2	KL9, OCL1	Hangzhou	20210807	512	128	512	512	1024	1024	1024	4	2	<0.03	SAMN36593505
Ab266	208	2	KL3, OCL1	Hangzhou	20210816	512	512	64	64	1024	64	128	8	2	0.25	SAMN36593506
Ab277	208	2	KL2, OCL1	Hangzhou	20210831	512	512	128	64	1024	128	256	8	2	0.125	SAMN36593507
Ab29	208	2	KL3, OCL1	Hangzhou	20210218	512	512	32	32	1024	1024	64	2	0.25	0.125	SAMN36593508
Ab304	369	2	KL139, OCL1	Hangzhou	20210930	512	512	64	64	1024	512	256	4	2	0.25	SAMN36593509
Ab313	208	2	KL34, OCL1	Hangzhou	20211011	512	512	64	128	1024	128	512	1	2	0.125	SAMN36593510
Ab336	208	2	KL2, OCL1	Hangzhou	20211101	512	512	128	64	1024	128	512	8	1	0.125	SAMN36593511
Ab349	208	2	KL2, OCL1	Hangzhou	20211110	512	512	128	128	1024	256	1024	16	2	0.125	SAMN36593512
Ab357	208	2	KL3, OCL1	Hangzhou	20211117	512	512	64	128	1024	256	256	8	1	0.06	SAMN36593513
Ab36	369	2	KL20, OCL4	Hangzhou	20210302	512	512	64	64	1024	1024	128	2	2	0.125	SAMN36593514
Ab364	208	2	KL2, OCL1	Hangzhou	20211126	512	512	128	128	1024	1024	256	8	2	0.06	SAMN36593515
Ab385	208	2	KL2, OCL1	Hangzhou	20211213	512	512	128	64	1024	512	128	8	1	0.06	SAMN36593516
Ab40	208	2	KL2, OCL18	Hangzhou	20210306	8	16	128	128	1024	128	128	1	0.5	0.25	SAMN36593517
Ab400	195	2	KL3, OCL1	Hangzhou	20211220	512	512	32	64	1024	512	256	4	2	<0.03	SAMN36593518
Ab417	208	2	KL14, OCL1	Hangzhou	20211231	512	512	64	64	1024	512	256	8	2	0.125	SAMN36593519
Ab422	208	2	KL9, OCL1	Hangzhou	20220104	512	512	128	128	1024	512	128	8	2	<0.03	SAMN36593520
Ab43	938	2	KL9, OCL1	Hangzhou	20210309	512	512	128	64	1024	1024	64	4	1	0.125	SAMN36593521
Ab432	136	2	KL9, OCL1	Hangzhou	20220109	8	32	128	64	1024	128	256	2	2	0.125	SAMN36593522
Ab441	369	2	KL3, OCL1	Hangzhou	20220118	512	512	128	128	1024	1024	1024	4	2	0.25	SAMN36593523
Ab475	208	2	KL13, OCL2	Hangzhou	20220224	512	512	128	64	1024	1024	1024	16	2	0.06	SAMN36593524
Ab485	208	2	KL3, OCL1	Hangzhou	20220305	8	16	128	128	1024	128	1024	0.25	2	0.125	SAMN36593525
Ab486	195	2	KL9, OCL1	Hangzhou	20220306	512	512	64	64	1024	512	512	4	2	0.125	SAMN36593526
Ab502	208	2	KL9, OCL1	Hangzhou	20220317	512	512	128	128	1024	256	512	8	2	0.06	SAMN36593527
Ab525	208	2	KL9, OCL1	Hangzhou	20220331	8	16	128	128	1024	128	512	0.5	2	0.125	SAMN36593528
Ab539	208	2	KL2, OCL1	Hangzhou	20220408	256	128	128	128	1024	1024	1024	0.5	2	0.125	SAMN36593529
Ab562	369	2	KL210, OCL1	Hangzhou	20220503	512	512	128	64	1024	1024	1024	2	2	0.125	SAMN36593530
Ab57	208	2	KL7, OCL1	Hangzhou	20210313	8	32	64	64	1024	1024	512	2	2	0.06	SAMN36593531
Ab598	369	2	KL7, OCL1	Hangzhou	20220520	512	512	128	128	1024	1024	512	4	1	0.25	SAMN36593532
Ab620	191	2	KL7, OCL1	Hangzhou	20220601	8	512	128	64	1024	512	512	0.5	2	1	SAMN36593533
Ab639	208	2	KL3, OCL1	Hangzhou	20220616	512	512	128	128	1024	1024	1024	8	2	0.125	SAMN36593534
Ab642	938	2	KL3, OCL1	Hangzhou	20220616	512	512	32	64	1024	1024	1024	4	2	0.25	SAMN36593535
Ab661	208	2	KL2, OCL1	Hangzhou	20220630	512	512	64	64	1024	512	128	0.25	2	0.125	SAMN36593536
Ab69	208	2	KL3, OCL1	Hangzhou	20210323	8	512	32	64	1024	256	128	8	1	0.25	SAMN36593537
Ab707	369	2	KL28, OCL1	Hangzhou	20220726	512	512	64	64	1024	1024	1024	4	1	0.25	SAMN36593538
Ab735	373	40	KL2, OCL1	Hangzhou	20220819	4	4	0.25	2	256	16	256	<0.06	0.25	0.125	SAMN36593539
Ab740	208	2	KL9, OCL1	Hangzhou	20220825	512	512	128	128	1024	512	1024	16	2	0.06	SAMN36593540
Ab763	208	2	KL77, OCL1	Hangzhou	20220910	512	512	128	64	1024	1024	1024	8	2	0.25	SAMN36593541
Ab777	540	2	KL7, OCL1	Hangzhou	20220922	512	512	128	64	1024	512	256	8	2	0.5	SAMN36593542
Ab83	547	2	KL51, OCL1	Hangzhou	20210403	4	8	128	128	1024	1024	512	4	2	0.25	SAMN36593543
Ab96	208	2	KL50, OCL2	Hangzhou	20210420	8	16	128	128	1024	128	512	2	1	0.25	SAMN36593544
HZ-1	-	2	KL2, OCL1	Xi'an	20220220	512	512	128	128	1024	1024	512	8	0.25	0.25	SAMN36593545
HZ-11	208	2	KL2, OCL1	Xi'an	20220303	512	512	32	32	1024	128	64	16	2	0.25	SAMN36593546
HZ-13	208	2	KL51, OCL1	Xi'an	20221010	512	512	16	16	1024	128	32	16	1	0.125	SAMN36593547
HZ-15	208	2	KL2, OCL1	Xi'an	20220407	512	512	8	16	1024	128	32	8	1	0.06	SAMN36593548
HZ-17	-	2	KL2, OCL1	Xi'an	20220316	512	512	32	32	1024	512	128	4	1	0.125	SAMN36593549
HZ-2	540	2	KL7, OCL1	Xi'an	20220219	512	512	64	32	1024	128	512	8	0.5	0.5	SAMN36593550
HZ-22	195	2	KL9, OCL1	Xi'an	20220321	8	16	128	128	1024	1024	1024	8	0.25	0.06	SAMN36593551
HZ-3	-	2	KL2, OCL1	Xi'an	20220224	512	512	32	32	1024	1024	512	8	0.5	0.5	SAMN36593552
HZ-4	195	2	KL2, OCL1	Xi'an	20220221	512	512	64	128	1024	1024	512	8	0.5	0.06	SAMN36593553
HZ-5	208	2	KL7, OCL1	Xi'an	20221010	8	8	64	32	1024	128	128	16	1	0.25	SAMN36593554
HZ-6	-	2	KL7, OCL1	Xi'an	20220308	512	512	32	32	1024	1024	512	8	2	0.5	SAMN36593555
HZ-7	195	2	KL9, OCL1	Xi'an	20220326	512	512	32	32	1024	512	256	2	1	0.06	SAMN36593556
HZ-8	195	2	KL7, OCL1	Xi'an	20220424	512	512	64	128	256	512	256	8	0.5	0.125	SAMN36593557
J1-1	540	2	KL2, OCL1	Xi'an	20220912	512	512	32	32	1024	256	128	16	2	0.5	SAMN36593558
J1-11	540	2	KL7, OCL1	Xi'an	20220920	512	512	64	64	1024	256	1024	16	2	0.25	SAMN36593559
J1-4	195	2	KL3, OCL1	Xi'an	20210910	512	512	128	128	1024	1024	1024	8	2	0.06	SAMN36593560
J1-7	195	2	KL7, OCL1	Xi'an	20210922	512	512	32	64	1024	1024	1024	8	2	0.125	SAMN36593561
J2-1	540	2	KL7, OCL1	Xi'an	20220429	512	512	32	32	1024	256	1024	32	4	1	SAMN36593562
J2-10	-	2	KL210, OCL1	Xi'an	20220315	512	512	128	128	1024	128	512	16	2	0.5	SAMN36593563
J2-12	208	2	KL77, OCL1	Xi'an	20220412	512	512	32	32	512	128	64	32	2	0.25	SAMN36593564
J2-14	-	2	KL9, OCL1	Xi'an	20220129	512	512	16	16	1024	64	256	64	2	0.125	SAMN36593565
J2-15	540	2	KL7, OCL1	Xi'an	20220526	512	512	128	128	1024	256	512	16	2	0.5	SAMN36593566
J2-17	540	2	KL7, OCL1	Xi'an	20220212	512	512	64	32	1024	256	1024	16	2	0.5	SAMN36593567
J2-18	208	2	KL3, OCL1	Xi'an	20220601	512	512	16	16	1024	256	512	4	2	0.25	SAMN36593568
J2-2	208	2	KL2, OCL1	Xi'an	20220314	512	512	128	128	1024	128	1024	32	2	0.125	SAMN36593569
J2-20	938	2	KL7, OCL1	Xi'an	20220518	4	32	32	32	1024	1024	256	16	2	0.5	SAMN36593570
J2-23	540	2	KL7, OCL1	Xi'an	20220314	512	512	32	32	1024	256	1024	16	1	0.5	SAMN36593571
J2-26	540	2	KL9, OCL1	Xi'an	20220623	512	512	32	32	1024	256	512	8	1	0.25	SAMN36593572
J2-28	208	2	KL7, OCL1	Xi'an	20220629	512	512	16	16	1024	128	512	2	1	0.25	SAMN36593573
J2-29	540	2	KL9, OCL1	Xi'an	20221008	512	512	32	32	1024	128	256	8	0.5	0.25	SAMN36593574
J2-30	540	2	KL72, OCL1	Xi'an	20220130	512	512	64	64	1024	256	256	8	1	0.5	SAMN36593575
J2-4	540	2	KL7, OCL1	Xi'an	20220714	512	512	128	128	1024	256	1024	16	2	0.5	SAMN36593576
J2-5	540	2	KL210, OCL1	Xi'an	20220130	512	512	64	32	1024	256	256	32	4	1	SAMN36593577
J2-7	369	2	KL7, OCL1	Xi'an	20220710	512	512	64	32	1024	512	1024	16	2	0.25	SAMN36593578
J2-8	369	2	KL2, OCL1	Xi'an	20220221	512	512	64	64	1024	512	1024	16	2	0.25	SAMN36593579
J2-9	369	2	KL9, OCL1	Xi'an	20220106	512	512	32	64	512	1024	1024	32	2	0.25	SAMN36593580
SRM-1	938	2	KL45, OCL6	Xi'an	20220711	512	512	64	64	1024	1024	512	8	1	0.125	SAMN36593581
SRM-13	540	2	KL7, OCL1	Xi'an	20220819	512	512	32	32	1024	512	128	16	1	0.5	SAMN36593582
SRM-16	540	2	KL7, OCL1	Xi'an	20220906	512	512	64	32	1024	256	64	8	0.5	0.5	SAMN36593583
SRM-19	-	2	KL160, OCL18	Xi'an	20221009	512	512	32	32	1024	256	512	1	2	0.5	SAMN36593584
SRM-2	540	2	KL14, OCL1	Xi'an	20220726	8	512	64	64	1024	256	256	4	1	0.06	SAMN36593585
SRM-22	195	2	KL7, OCL1	Xi'an	20220911	8	16	64	128	1024	512	512	8	0.5	0.125	SAMN36593586
SRM-25	540	2	KL2, OCL1	Xi'an	20221009	512	512	64	64	1024	512	512	8	0.5	0.25	SAMN36593587
SRM-26	195	2	KL2, OCL1	Xi'an	20210502	512	512	64	128	1024	1024	512	8	0.25	0.125	SAMN36593588
SRM-27	195	2	KL9, OCL1	Xi'an	20210611	512	512	64	128	1024	1024	1024	8	1	<0.03	SAMN36593589
SRM-28	540	2	KL2, OCL1	Xi'an	20221008	16	512	64	32	1024	256	128	16	8	1	SAMN36593590
SRM-29	540	2	KL2, OCL1	Xi'an	20221007	512	512	64	32	1024	256	256	16	0.5	1	SAMN36593591
SRM-3	938	2	KL9, OCL1	Xi'an	20220730	512	512	32	32	1024	512	256	32		0.125	SAMN36593592
SRM-30	-	2	KL9, OCL1	Xi'an	20210702	8	512	64	32	1024	128	128	1	1	1	SAMN36593593
SRM-8	540	2	KL7, OCL1	Xi'an	20220808	512	512	64	64	1024	256	128	8		0.25	SAMN36593594
SRM-9	938	2	KL2, OCL1	Xi'an	20220829	512	512	64	128	1024	512	1024	16		0.125	SAMN36593595
SX-1	938	2	KL7, OCL1	Shaoxing	20210711	512	512	64	32	1024	512	1024	8	0.5	0.125	SAMN36593596
SX-101	208	2	KL9, OCL1	Shaoxing	20220620	8	32	32	32	1024	128	128	2	2	0.125	SAMN36593597
SX-103	462	46	KL9, OCL1	Shaoxing	20220727	32	64	32	32	32	4	64	2	2	0.125	SAMN36593598
SX-107	540	2	KL7, OCL1	Shaoxing	20220902	512	512	64	64	1024	512	128	4	0.5	0.25	SAMN36593599
SX-110	208	2	KL9, OCL1	Shaoxing	20220929	8	16	64	64	1024	128	512	2	1	0.06	SAMN36593600
SX-112	540	2	KL9, OCL1	Shaoxing	20221005	512	512	64	64	1024	256	128	4	1	0.25	SAMN36593601
SX-115	-	213	KL34, OCL1	Shaoxing	20221003	8	2	0.25	0.5	16	4	2	<0.06	1	1	SAMN36593602
SX-118	938	2	KL3, OCL1	Shaoxing	20221010	512	512	32	64	1024	1024	512	4	1	0.125	SAMN36593603
SX-125	-	1	KL7, OCL1	Shaoxing	20130123	4	2	16	32	1024	128	1024	0.125	0.25	0.25	SAMN36593604
SX-13	938	2	KL2, OCL1	Shaoxing	20210808	512	512	32	32	1024	512	1024	16	0.5	0.06	SAMN36593605
SX-130	208	2	KL14, OCL1	Shaoxing	20130208	4	64	128	256	1024	128	1024	8	0.25	0.06	SAMN36593606
SX-135	368	2	KL2, OCL1	Shaoxing	20130305	8	512	64	64	1024	128	256	8	0.5	0.25	SAMN36593607
SX-142	195	2	KL2, OCL1	Shaoxing	20130510	512	512	64	64	1024	1024	256	4	1	1	SAMN36593608
SX-143	195	2	KL2, OCL1	Shaoxing	20130610	512	512	64	128	1024	1024	256	8	0.5	1	SAMN36593609
SX-147	191	2	KL3, OCL1	Shaoxing	20130616	512	512	64	64	1024	256	1024	0.5	0.5	0.5	SAMN36593610
SX-15	784	2	KL9, OCL1	Shaoxing	20211211	2	512	32	32	1024	128	64	8	4	2	SAMN36593611
SX-152	191	2	KL2, OCL1	Shaoxing	20130711	512	512	64	64	1024	256	256	0.5	1	0.125	SAMN36593612
SX-154	191	2	KL14, OCL1	Shaoxing	20130802	512	512	64	64	1024	256	256	<0.06	0.5	0.25	SAMN36593613
SX-157	191	2	KL2, OCL1	Shaoxing	20131001	512	512	64	64	1024	128	512	0.5	0.25	0.25	SAMN36593614
SX-159	208	2	KL2, OCL1	Shaoxing	20131023	8	512	64	128	1024	128	256	8	0.5	0.125	SAMN36593615
SX-18	462	46	KL2, OCL1	Shaoxing	20211113	32	32	32	32	128	16	512	4	1	0.5	SAMN36593616
SX-23	462	46	KL14, OCL1	Shaoxing	20211201	16	32	32	32	32	8	64	4	0.5	1	SAMN36593617
SX-26	136	2	KL160, OCL1	Shaoxing	20210831	512	512	64	128	1024	512	1024	16	0.5	0.06	SAMN36593618
SX-31	208	2	KL3, OCL1	Shaoxing	20211015	8	32	128	128	1024	512	1024	0.25	0.25	2	SAMN36593619
SX-33	195	2	KL14, OCL1	Shaoxing	20211211	512	512	32	32	1024	1024	1024	32	1	0.125	SAMN36593620
SX-34	195	2	KL3, OCL1	Shaoxing	20211125	512	512	32	32	1024	512	1024	32	1	0.125	SAMN36593621
SX-38	195	2	KL2, OCL1	Shaoxing	20220109	8	16	64	32	1024	1024	1024	32	0.5	0.125	SAMN36593622
SX-44	540	2	KL14, OCL1	Shaoxing	20220827	512	512	64	128	1024	256	256	8	0.5	1	SAMN36593623
SX-48	208	2	KL3, OCL1	Shaoxing	20211222	8	512	64	128	512	128	64	32	0.5	0.5	SAMN36593624
SX-59	462	46	KL3, OCL1	Shaoxing	20211119	32	64	64	64	128	32	1024	1	1	1	SAMN36593625
SX-6	462	46	KL160, OCL1	Shaoxing	20210609	16	16	64	32	32	8	512	4	1	0.5	SAMN36593626
SX-63	208	2	KL160, OCL1	Shaoxing	20220325	8	16	32	32	1024	128	128	2	1	0.5	SAMN36593627
SX-71	208	2	KL3, OCL1	Shaoxing	20220222	8	8	32	32	1024	128	64	2	1	0.25	SAMN36593628
SX-80	208	2	KL3, OCL1	Shaoxing	20220129	512	512	32	32	1024	512	512	16	1	0.06	SAMN36593629
SX-86	195	2	KL160, OCL1	Shaoxing	20220305	512	512	64	64	1024	512	512	16	0.5	0.5	SAMN36593630
SX-9	208	2	KL14, OCL1	Shaoxing	20210721	8	16	64	32	1024	128	512	2	2	0.25	SAMN36593631
SX-92	462	46	KL2, OCL1	Shaoxing	20220224	8	32	32	32	1024	8	512	8	1	0.25	SAMN36593632
SX-93	195	2	KL14, OCL1	Shaoxing	20220627	8	16	32	32	1024	1024	512	16	1	0.125	SAMN36593633
SX-95	208	2	KL160, OCL1	Shaoxing	20220709	8	512	32	16	1024	128	512	32	1	0.25	SAMN36593634
TD-1	195	2	KL160, OCL1	Xi'an	20220320	512	512	64	32	1024	1024	512	8	2	0.25	SAMN36593635
TD-10	195	2	KL2, OCL1	Xi'an	20221010	512	512	64	64	1024	1024	1024	64	4	0.5	SAMN36593636
TD-6	938	2	KL2, OCL1	Xi'an	20221010	512	512	64	128	1024	1024	512	16	4	0.125	SAMN36593637
TZ-1	208	2	KL210, OCL1	Taizhou	20200103	512	512	32	32	1024	128	512	16	1	0.25	SAMN36593638
TZ-106	-	1057	KL160, OCL1	Taizhou	20200728	4	2	128	128	16	8	4	<0.06	0.5	0.25	SAMN36593639
TZ-119	-	-	KL160, OCL1	Taizhou	20200730	8	2	0.5	4	32	16	8	<0.06	1	0.5	SAMN36593640
TZ-120	-	294	KL2, OCL1	Taizhou	20200805	2	4	16	32	16	8	4	<0.06	0.5	0.25	SAMN36593641
TZ-126	208	2	KL160, OCL1	Taizhou	20200811	512	512	64	256	1024	1024	1024	2	1	0.125	SAMN36593642
TZ-13	208	2	KL160, OCL1	Taizhou	20200114	512	512	128	128	1024	512	512	16	2	0.25	SAMN36593643
TZ-134	208	2	KL160, OCL1	Taizhou	20200813	512	512	128	256	1024	1024	1024	2	2	0.125	SAMN36593644
TZ-139	208	2	KL160, OCL1	Taizhou	20200816	512	512	128	256	1024	1024	512	2	2	0.125	SAMN36593645
TZ-142	208	2	KL9, OCL1	Taizhou	20200821	512	512	64	128	1024	128	512	16	1	0.25	SAMN36593646
TZ-143	208	2	KL9, OCL1	Taizhou	20200825	512	512	128	256	1024	1024	1024	2	2	0.25	SAMN36593647
TZ-146	208	2	KL9, OCL1	Taizhou	20200902	512	512	32	128	1024	1024	128	2	1	0.125	SAMN36593648
TZ-154	540	2	KL210, OCL1	Taizhou	20200906	512	512	32	64	1024	128	1024	4	2	0.5	SAMN36593649
TZ-156	208	2	KL160, OCL1	Taizhou	20200906	512	512	128	128	1024	1024	1024	2	1	0.125	SAMN36593650
TZ-158	208	2	KL160, OCL1	Taizhou	20200908	512	512	64	128	1024	128	1024	2	2	0.125	SAMN36593651
TZ-164	-	-	KL104, OCL1	Taizhou	20200909	1	2	16	32	256	8	4	<0.06	0.5	0.125	SAMN36593652
TZ-167	208	2	KL160, OCL1	Taizhou	20200910	512	512	32	256	1024	1024	512	2	2	0.125	SAMN36593653
TZ-173	208	2	KL3, OCL1	Taizhou	20200916	512	512	512	128	1024	128	256	4	0.5	0.125	SAMN36593654
TZ-19	208	2	KL160, OCL1	Taizhou	20200119	512	512	256	16	1024	128	512	16	4	0.25	SAMN36593655
TZ-190	208	2	KL3, OCL1	Taizhou	20200920	512	512	256	256	1024	1024	512	8	2	0.125	SAMN36593656
TZ-194	369	2	KL3, OCL1	Taizhou	20200930	32	64	32	64	1024	1024	512	4	1	0.5	SAMN36593657
TZ-197	208	2	KL160, OCL1	Taizhou	20201005	512	512	256	128	1024	1024	512	2	2	0.25	SAMN36593658
TZ-207	208	2	KL160, OCL1	Taizhou	20201012	512	512	16	32	512	128	32	16	1	0.25	SAMN36593659
TZ-221	208	2	KL210, OCL1	Taizhou	20201021	512	512	64	128	1024	128	256	4	1	0.125	SAMN36593660
TZ-228	1110	-	KL104, OCL1	Taizhou	20201107	4	2	0.5	1	16	4	4	<0.06	0.5	0.125	SAMN36593661
TZ-231	208	2	KL160, OCL1	Taizhou	20201118	512	512	32	32	512	128	64	16	1	0.25	SAMN36593662
TZ-238	208	2	KL210, OCL1	Taizhou	20201123	512	512	32	32	512	128	128	16	1	0.25	SAMN36593663
TZ-24	938	2	KL210, OCL1	Taizhou	20200129	512	512	64	64	1024	512	1024	4	2	0.125	SAMN36593664
TZ-240	191	2	KL7, OCL1	Taizhou	20201206	8	512	32	32	1024	128	64	1	1	0.25	SAMN36593665
TZ-245	195	2	KL28, OCL1	Taizhou	20201211	512	512	16	32	1024	512	64	16	1	0.03	SAMN36593666
TZ-249	208	2	KL160, OCL1	Taizhou	20201223	512	512	32	64	1024	128	256	2	1	0.125	SAMN36593667
TZ-25	938	2	KL7, OCL1	Taizhou	20200220	512	512	64	64	1024	512	128	8	2	0.125	SAMN36593668
TZ-255	208	2	KL160, OCL1	Taizhou	20201227	512	512	32	64	1024	128	128	1	2	0.125	SAMN36593669
TZ-261	540	2	KL92, OCL6	Taizhou	20210102	512	512	32	32	1024	256	64	4	2	0.5	SAMN36593670
TZ-263	208	2	KL210, OCL1	Taizhou	20210110	512	512	32	32	512	128	64	2	2	0.25	SAMN36593671
TZ-268	191	2	KL1, OCL1	Taizhou	20210119	16	512	128	64	1024	128	1024	8	2	2	SAMN36593672
TZ-272	208	2	KL210, OCL1	Taizhou	20210202	512	512	64	64	1024	256	1024	2	2	0.25	SAMN36593673
TZ-274	369	2	KL2, OCL1	Taizhou	20210211	64	256	256	128	1024	1024	1024	16	2	0.25	SAMN36593674
TZ-28	369	2	KL34, OCL1	Taizhou	20200228	8	32	64	64	1024	512	1024	1	1	0.25	SAMN36593675
TZ-282	369	2	KL3, OCL1	Taizhou	20210216	64	512	128	128	1024	512	1024	16	2	0.5	SAMN36593676
TZ-289	191	2	KL3, OCL1	Taizhou	20210224	8	256	128	128	1024	128	128	1	2	2	SAMN36593677
TZ-294	208	2	KL72, OCL1	Taizhou	20210301	512	512	64	64	512	128	512	4	2	0.125	SAMN36593678
TZ-296	208	2	KL14, OCL1	Taizhou	20210303	512	512	256	64	1024	1024	256	2	1	0.125	SAMN36593679
TZ-3	208	2	KL72, OCL1	Taizhou	20191231	512	512	32	64	1024	128	1024	16	1	0.25	SAMN36593680
TZ-30	208	2	KL72, OCL1	Taizhou	20200319	512	512	128	128	1024	128	512	2	1	0.125	SAMN36593681
TZ-305	208	2	KL72, OCL1	Taizhou	20210310	512	512	256	128	1024	1024	512	4	2	0.25	SAMN36593682
TZ-310	191	2	KL2, OCL1	Taizhou	20210315	512	512	128	64	1024	128	1024	2	2	0.5	SAMN36593683
TZ-317	208	2	KL28, OCL1	Taizhou	20210320	4	128	16	16	512	64	128	2	2	2	SAMN36593684
TZ-33	208	2	KL28, OCL1	Taizhou	20200327	2	512	32	32	256	32	32	2	2	0.03	SAMN36593685
TZ-343	208	2	KL77, OCL1	Taizhou	20210417	512	512	32	16	1024	128	512	16	1	0.5	SAMN36593686
TZ-344	-	924	KL7, OCL1	Taizhou	20210428	4	2	0.25	0.5	16	8	4	<0.06	0.25	1	SAMN36593687
TZ-350	540	2	KL3, OCL1	Taizhou	20210505	512	512	64	64	1024	1024	1024	8	2	1	SAMN36593688
TZ-352	208	2	KL3, OCL1	Taizhou	20210511	4	512	128	128	1024	128	1024	8	1	0.125	SAMN36593689
TZ-360	540	2	KL3, OCL1	Taizhou	20210607	512	512	64	32	1024	128	1024	8	2	1	SAMN36593690
TZ-365	369	2	KL160, OCL1	Taizhou	20210617	8	16	64	64	1024	512	1024	16		4	SAMN36593691
TZ-371	540	2	KL2, OCL1	Taizhou	20210703	512	512	32	32	1024	256	64	8		0.25	SAMN36593692
TZ-375	369	2	KL28, OCL1	Taizhou	20210713	16	32	64	64	1024	1024	1024	16		0.5	SAMN36593693
TZ-399	540	2	KL28, OCL1	Taizhou	20210815	512	512	64	64	1024	256	1024	8	1	1	SAMN36593694
TZ-405	369	2	KL7, OCL1	Taizhou	20210827	512	512	64	64	1024	512	1024	8	0.5	0.25	SAMN36593695
TZ-406	540	2	KL7, OCL1	Taizhou	20210821	512	512	64	64	1024	256	1024	8	1	2	SAMN36593696
TZ-42	208	2	KL7, OCL1	Taizhou	20200430	512	512	64	64	1024	128	128	2	2	0.125	SAMN36593697
TZ-420	208	2	KL3, OCL1	Taizhou	20210923	512	512	128	64	1024	256	256	2	1	0.25	SAMN36593698
TZ-423	-	203	KL7, OCL1	Taizhou	20210917	4	2	0.25	0.25	16	256	2	<0.06	0.25	0.25	SAMN36593699
TZ-438	540	2	KL28, OCL1	Taizhou	20211015	512	512	64	32	1024	256	1024	4	1	2	SAMN36593700
TZ-44	369	2	KL3, OCL1	Taizhou	20200506	8	32	32	64	256	256	128	8	2	0.5	SAMN36593701
TZ-446	-	2	KL2, OCL1	Taizhou	20211028	16	32	64	64	1024	1024	1024	8	2	0.5	SAMN36593702
TZ-452	208	2	KL3, OCL1	Taizhou	20211106	8	512	64	128	1024	1024	256	<0.06	4	16	SAMN36593703
TZ-454	208	2	KL3, OCL1	Taizhou	20211112	4	32	64	64	1024	128	512	2	1	0.5	SAMN36593704
TZ-458	540	2	KL210, OCL1	Taizhou	20211117	512	512	64	64	1024	512	1024	4	2	0.5	SAMN36593705
TZ-465	369	2	KL2, OCL1	Taizhou	20211211	512	16	64	64	1024	512	1024	4	2	0.25	SAMN36593706
TZ-49	462	46	KL12, OCL2	Taizhou	20200530	16	128	32	64	32	8	128	0.125	0.25	0.25	SAMN36593707
TZ-51	938	2	KL127, OCL6	Taizhou	20200603	512	512	32	32	1024	512	1024	4	1	0.25	SAMN36593708
TZ-56	208	2	KL91, OCL4	Taizhou	20200607	512	512	32	32	1024	128	256	16	2	0.25	SAMN36593709
TZ-63	369	2	KL7, OCL1	Taizhou	20200617	8	32	64	64	1024	512	1024	8	2	0.5	SAMN36593710
TZ-69	-	-	KL2, OCL1	Taizhou	20200629	2	4	1	1	16	4	4	<0.06	0.25	0.06	SAMN36593711
TZ-85	208	2	KL7, OCL1	Taizhou	20200711	512	512	128	128	512	128	512	16	1	0.06	SAMN36593712
TZ-89	369	2	KL7, OCL1	Taizhou	20200712	16	32	64	64	1024	1024	1024	8	0.5	0.5	SAMN36593713
TZ-9	369	2	KL2, OCL1	Taizhou	20200109	8	8	128	64	1024	512	1024	8	0.5	0.5	SAMN36593714
TZ-99	208	2	KL7, OCL1	Taizhou	20200717	512	512	128	128	1024	128	512	16	2	0.25	SAMN36593715
WAb01	643	2	KL7, OCL1	Ningbo	20160129	512	512	64	64	1024	256	256	4	2	0.06	SAMN36593716
WAb03	208	2	KL160, OCL1	Ningbo	20160127	512	512	64	64	1024	1024	512	8	2	0.06	SAMN36593717
WAb04	-	25	KL7, OCL1	Ningbo	20160131	512	512	64	64	1024	128	128	8	1	0.125	SAMN36593718
WAb05	208	2	KL7, OCL1	Ningbo	20160214	512	512	64	64	1024	128	512	8	2	0.125	SAMN36593719
WAb06	208	2	KL51, OCL2	Ningbo	20160221	512	512	128	128	512	128	128	8	0.5	0.125	SAMN36593720
WAb07	-	142	KL7, OCL1	Ningbo	20160220	4	2	1	1	16	4	4	<0.06	0.5	0.125	SAMN36593721
WAb09	-	2	KL2, OCL1	Ningbo	20160309	8	512	64	64	1024	512	64	8	0.5	<0.03	SAMN36593722
WAb10	208	2	KL2, OCL1	Ningbo	20160317	8	512	64	128	1024	256	256	8	0.5	0.125	SAMN36593723
WAb12	643	2	KL7, OCL1	Ningbo	20160331	512	512	64	64	1024	128	128	8	2	0.125	SAMN36593724
WAb13	369	2	KL9, OCL1	Ningbo	20160410	512	512	32	64	512	128	1024	8	1	0.5	SAMN36593725
WAb14	-	218	KL7, OCL1	Ningbo	20180804	512	512	32	64	1024	256	128	<0.06	0.25	0.125	SAMN36593726
WAb18	-	203	KL2, OCL1	Ningbo	20181026	2	512	16	16	1024	512	64	<0.06	0.25	0.125	SAMN36593727
WAb20	-	-	KL2, OCL1	Ningbo	20181219	1	2	0.25	0.125	8	2	64	<0.06	0.25	0.5	SAMN36593728
WAb215	208	2	KL139, OCL6	Hangzhou	20180813	8	512	32	64	1024	256	1024	8	1	0.125	SAMN36593729
WAb22	-	-	KL2, OCL1	Ningbo	20190103	4	4	0.25	0.5	256	16	64	0.125	1	0.5	SAMN36593730
WAb221	540	2	KL2, OCL1	Hangzhou	20180828	8	512	64	64	1024	1024	1024	4	2	2	SAMN36593731
WAb226	355	16	KL210, OCL1	Hangzhou	20180905	8	512	16	32	64	8	32	4	2	1	SAMN36593732
WAb228	208	2	KL72, OCL1	Hangzhou	20180830	512	512	64	64	512	128	128	8	2	0.25	SAMN36593733
WAb230	355	16	KL3, OCL1	Hangzhou	20180910	8	512	32	32	64	8	32	4	2	1	SAMN36593734
WAb231	-	-	KL7, OCL1	Hangzhou	20180912	4	2	32	32	16	4	1	<0.06	0.25	0.25	SAMN36593735
WAb233	208	2	KL210, OCL1	Hangzhou	20180914	8	512	32	64	512	256	128	16	1	0.25	SAMN36593736
WAb237	1379	877	KL7, OCL1	Hangzhou	20180928	4	2	64	128	16	4	2	<0.06	0.25	0.25	SAMN36593737
WAb240	195	2	KL160, OCL1	Hangzhou	20181006	8	16	64	64	1024	1024	512	4	2	0.125	SAMN36593738
WAb248	195	2	KL7, OCL1	Hangzhou	20181106	8	16	64	64	1024	1024	128	4	2	0.25	SAMN36593739
WAb251	436	2	KL72, OCL1	Hangzhou	20181112	4	8	128	128	1024	256	512	2	2	0.125	SAMN36593740
WAb253	355	16	KL7, OCL1	Hangzhou	20181115	8	512	32	32	64	8	512	4	2	1	SAMN36593741
WAb258	208	2	KL9, OCL1	Hangzhou	20181120	4	8	32	64	512	128	128	8	1	0.25	SAMN36593742
WAb262	-	-	KL9, OCL1	Hangzhou	20181210	8	16	32	64	1024	1024	128	4	1	0.25	SAMN36593743
WAb264	-	-	KL9, OCL1	Hangzhou	20181216	8	16	64	64	1024	1024	512	4	1	0.25	SAMN36593744
WAb28	643	2	KL72, OCL1	Ningbo	20180807	512	512	64	64	1024	128	512	4	1	0.125	SAMN36593745
WAb280	208	2	KL2, OCL1	Hangzhou	20190130	4	8	32	32	512	128	64	8	1	0.25	SAMN36593746
WAb282	938	2	KL7, OCL1	Hangzhou	20190217	512	512	128	128	1024	512	256	4	2	0.125	SAMN36593747
WAb283	938	2	KL2, OCL1	Hangzhou	20190218	8	16	64	64	1024	1024	512	4	2	0.25	SAMN36593748
WAb285	191	2	KL7, OCL1	Hangzhou	20190303	1	4	128	64	1024	256	256	4	2	0.5	SAMN36593749
WAb288	191	2	KL7, OCL1	Hangzhou	20190307	8	16	128	128	1024	512	256	2	1	0.25	SAMN36593750
WAb292	208	2	KL72, OCL1	Hangzhou	20190323	4	256	32	64	512	256	128	16	1	0.125	SAMN36593751
WAb296	208	2	KL2, OCL1	Hangzhou	20190326	16	512	64	64	1024	128	128	16	0.5	0.125	SAMN36593752
WAb301	208	2	KL2, OCL1	Hangzhou	20190409	4	256	32	64	1024	512	64	16	1	0.25	SAMN36593753
WAb303	208	2	KL2, OCL1	Hangzhou	20190428	8	8	64	128	1024	512	256	16	0.5	0.125	SAMN36593754
WAb304	938	2	KL93, OCL2	Hangzhou	20190504	512	512	64	64	1024	512	256	8	0.25	0.125	SAMN36593755
WAb306	208	2	KL160, OCL1	Hangzhou	20190530	8	16	64	64	1024	128	64	2	1	0.5	SAMN36593756
WAb309	208	2	KL2, OCL1	Hangzhou	20190617	8	16	32	32	512	128	1024	8	2	0.5	SAMN36593757
WAb313	642	23	KL160, OCL1	Hangzhou	20190619	8	1	0.25	0.25	16	4	2/128	<0.06	0.25	0.5	SAMN36593758
WAb315	208	2	KL9, OCL1	Hangzhou	20190701	8	32	128	64	1024	1024	256	8	4	0.25	SAMN36593759
WAb318	208	2	KL160, OCL1	Hangzhou	20190702	16	16	64	64	1024	512	256	8	4	0.25	SAMN36593760
WAb324	208	2	KL9, OCL1	Hangzhou	20190715	8	32	128	128	1024	512	128	4	4	0.06	SAMN36593761
WAb332	208	2	KL160, OCL1	Hangzhou	20190726	8	16	128	128	1024	256	1024	2	2	0.125	SAMN36593762
WAb333	208	2	KL9, OCL1	Hangzhou	20190726	8	32	128	128	1024	1024	256	8	4	0.125	SAMN36593763
WAb337	195	2	KL160, OCL1	Hangzhou	20190706	8	16	64	64	1024	512	128	4	2	0.25	SAMN36593764
WAb346	208	2	KL7, OCL1	Hangzhou	20190820	8	16	64	64	1024	128	1024	8	1	0.125	SAMN36593765
WAb347	938	2	KL7, OCL1	Hangzhou	20190821	512	512	32	64	1024	512	256	4	2	<0.03	SAMN36593766
WAb354	938	2	KL52, OCL6	Hangzhou	20190913	8	8	64	128	1024	512	256	4	1	0.25	SAMN36593767
WAb359	208	2	KL160, OCL1	Hangzhou	20190930	8	16	64	64	512	256	512	2	2	0.5	SAMN36593768
WAb364	208	2	KL9, OCL1	Hangzhou	20191006	8	16	64	64	1024	512	128	4	4	0.125	SAMN36593769
WAb365	547	2	KL217, OCL1	Hangzhou	20191015	512	512	128	128	1024	512	1024	4	2	0.5	SAMN36593770
WAb369	369	2	KL7, OCL1	Hangzhou	20191021	16	256	64	128	1024	1024	1024	4	2	0.5	SAMN36593771
WAb372	191	2	KL7, OCL1	Hangzhou	20191030	512	512	128	128	1024	128	256	0.5	2	0.25	SAMN36593772
WAb375	208	2	KL160, OCL1	Hangzhou	20191107	512	512	64	128	1024	512	128	8	2	0.125	SAMN36593773
WAb378	-	1016	KL9, OCL1	Hangzhou	20191207	4	2	64	128	32	4	512	1	0.25	0.25	SAMN36593774
WAb380	-	2	KL28, OCL1	Hangzhou	20191210	8	8	2	2	1024	512	512	1	2	2	SAMN36593775
WAb383	136	2	KL210, OCL1	Hangzhou	20191214	512	512	128	128	1024	512	256	4	2	0.06	SAMN36593776
WAb387	208	2	KL2, OCL1	Hangzhou	20200101	8	16	64	64	1024	1024	256	8	4	0.125	SAMN36593777
WAb389	208	2	KL9, OCL1	Hangzhou	20200102	8	512	64	64	512	128	128	16	0.5	0.125	SAMN36593778
WAb392	540	2	KL42, OCL6	Hangzhou	20200103	512	512	64	64	1024	512	128	2	1	0.25	SAMN36593779
WAb393	547	2	KL2, OCL1	Hangzhou	20200106	512	512	64	64	1024	512	512	4	2	0.25	SAMN36593780
WAb396	208	2	KL9, OCL1	Hangzhou	20200114	8	32	128	64	1024	1024	256	8	4	0.25	SAMN36593781
WAb397	208	2	KL9, OCL1	Hangzhou	20200203	8	32	64	128	1024	1024	256	8	2	0.125	SAMN36593782
WAb399	784	2	KL2, OCL1	Hangzhou	20200306	4	128	64	64	1024	128	256	4	2	0.25	SAMN36593783
WAb403	208	2	KL8, OCL1	Hangzhou	20200325	8	32	64	64	1024	1024	256	8	4	0.06	SAMN36593784
WAb406	195	2	KL2, OCL1	Hangzhou	20200406	1	4	64	64	1024	512	64	0.5	1	0.125	SAMN36593785
WAb412	208	2	KL116, OCL6	Hangzhou	20200601	8	512	128	128	1024	512	128	8	0.5	0.25	SAMN36593786
WAb415	208	2	KL2, OCL1	Hangzhou	20200614	16	512	128	128	1024	512	256	8	0.5	0.125	SAMN36593787
WAb418	208	2	KL2, OCL1	Hangzhou	20200629	512	512	128	64	1024	128	128	8	0.5	0.125	SAMN36593788
WAb420	462	46	KL84, OCL9	Hangzhou	20200630	8	32	32	32	1024	1024	64	<0.06	0.25	0.25	SAMN36593789
WAb422	208	2	KL2, OCL1	Hangzhou	20200623	8	512	64	32	1024	1024	256	8	0.5	0.125	SAMN36593790
WAb427	208	2	KL2, OCL1	Hangzhou	20200721	4	32	64	64	1024	256	64	<0.06	2	0.25	SAMN36593791
WAb432	462	46	KL8, OCL1	Hangzhou	20200809	512	512	64	64	1024	1024	128	8	2	0.125	SAMN36593792
WAb436	136	2	KL9, OCL1	Hangzhou	20200904	512	128	128	64	1024	1024	256	8	1	0.25	SAMN36593793
WAb441	208	2	KL59, OCL9	Hangzhou	20201018	512	512	64	64	1024	512	128	16	2	0.125	SAMN36593794
WAb443	208	2	KL97, OCL6	Hangzhou	20201023	4	8	32	32	1024	128	64	16	1	0.125	SAMN36593795
WAb445	136	2	KL204, OCL2	Hangzhou	20201029	512	512	128	128	1024	1024	256	8	0.5	0.06	SAMN36593796
WAb447	457	2	KL2, OCL1	Hangzhou	20201118	8	8	128	128	1024	512	256	8	0.5	0.25	SAMN36593797
WAb450	208	2	KL10, OCL1	Hangzhou	20201207	8	16	128	64	512	128	256	8	1	0.125	SAMN36593798
WAb453	369	2	KL160, OCL1	Hangzhou	20201217	512	512	64	64	1024	1024	128	4	0.5	0.125	SAMN36593799
WAb457	208	2	KL24, OCL2	Hangzhou	20210111	512	512	64	64	1024	1024	128	8	0.5	0.06	SAMN36593800
WAb462	208	2	KL2, OCL1	Hangzhou	20210118	512	512	128	128	1024	1024	256	4	0.5	0.06	SAMN36593801
WAb465	208	2	KL24, OCL2	Hangzhou	20210121	512	512	64	64	1024	1024	128	4	0.5	0.25	SAMN36593802
WAb469	369	2	KL126, OCL12	Hangzhou	20210124	512	512	64	64	1024	1024	128	4	0.25	0.25	SAMN36593803
WAb475	369	2	KL2, OCL1	Hangzhou	20210215	512	512	64	64	1024	1024	128	4	0.5	0.25	SAMN36593804
WAb478	208	2	KL61, OCL15	Hangzhou	20210225	512	512	32	64	1024	1024	128	4	2	0.25	SAMN36593805
WAb487	208	2	KL3, OCL1	Hangzhou	20210318	512	512	128	128	1024	1024	256	4	0.25	0.06	SAMN36593806
WAb490	208	2	KL3, OCL1	Hangzhou	20210325	512	512	1288	64	1024	1024	256	4	2	0.125	SAMN36593807
WAb492	369	2	KL45, OCL1	Hangzhou	20210328	512	512	128	128	1024	1024	256	4	0.25	0.125	SAMN36593808
WAb496	938	2	KL24, OCL2	Hangzhou	20210412	512	512	128	128	1024	1024	256	4	1	0.125	SAMN36593809
WAb502	369	2	KL2, OCL1	Hangzhou	20210421	512	512	64	64	1024	1024	128	4	2	0.25	SAMN36593810
WAb507	369	2	KL3, OCL1	Hangzhou	20210430	512	512	64	64	1024	1024	128	4	2	0.125	SAMN36593811
WAb511	369	2	KL3, OCL1	Hangzhou	20210510	512	512	128	128	1024	1024	128	4	1	0.25	SAMN36593812
WAb514	369	2	KL8, OCL1	Hangzhou	20210513	512	512	64	64	1024	1024	128	4	1	0.25	SAMN36593813
WAb518	938	2	KL2, OCL1	Hangzhou	20210518	512	512	64	64	1024	1024	128	4	2	0.125	SAMN36593814
WAb521	208	2	KL210, OCL1	Hangzhou	20210601	512	512	32	64	1024	1024	64	8	2	0.125	SAMN36593815
WAb522	1477	106	KL210, OCL1	Hangzhou	20210602	2	512	16	16	512	1024	32	4	0.5	0.5	SAMN36593816
WAb524	208	2	KL9, OCL1	Hangzhou	20210701	512	512	128	128	1024	1024	256	8	2	0.125	SAMN36593817
WAb527	-	-	KL9, OCL1	Hangzhou	20210710	1	0.5	32	64	64	1024	128	<0.06	0.5	0.25	SAMN36593818
WAb528	208	2	KL2, OCL1	Hangzhou	20210720	8	32	32	64	1024	1024	64	16	1	0.06	SAMN36593819
WAb532	-	126	KL2, OCL1	Hangzhou	20210729	512	512	32	64	1024	1024	128	<0.06	0.25	1	SAMN36593820
WAb533	355	16	KL2, OCL1	Hangzhou	20210802	8	16	32	32	1024	64	64	4	1	8	SAMN36593821
WAb536	369	2	KL2, OCL1	Hangzhou	20210822	512	512	64	64	1024	512	128	8	2	<0.06	SAMN36593822
WAb538	191	2	KL210, OCL1	Hangzhou	20210823	8	512	128	128	1024	512	256	8	0.5	0.25	SAMN36593823
WAb540	208	2	KL7, OCL1	Hangzhou	20210826	64	512	128	32	1024	256	256	8	0.5	0.125	SAMN36593824
WAb543	208	2	KL7, OCL1	Hangzhou	20210910	512	512	128	64	1024	1024	128	16	2	0.125	SAMN36593825
WAb546	938	2	KL8, OCL2	Hangzhou	20211012	512	512	128	128	1024	1024	256	4	2	0.125	SAMN36593826
WAb551	195	2	KL2, OCL1	Hangzhou	20211024	512	512	64	64	1024	1024	128	16	2	0.125	SAMN36593827
WAb555	195	2	KL2, OCL1	Hangzhou	20211101	32	128	4	8	1024	1024	32	16	4	0.125	SAMN36593828
WAb559	369	2	KL2, OCL1	Hangzhou	20211108	512	512	64	64	1024	1024	128	4	0.5	0.25	SAMN36593829
WAb563	208	2	KL7, OCL1	Hangzhou	20211111	512	512	128	128	1024	256	256	0.5	0.5	0.125	SAMN36593830
WAb567	208	2	KL2, OCL1	Hangzhou	20211128	512	512	128	64	1024	1024	256	16	2	0.06	SAMN36593831
WAb571	369	2	KL3, OCL1	Hangzhou	20211213	512	512	128	64	1024	1024	128	8	0.5	0.125	SAMN36593832
WAb576	195	2	KL7, OCL1	Hangzhou	20211217	4	32	4	4	1024	1024	16	2	0.5	0.125	SAMN36593833
WAb58	-	504	KL210, OCL1	Ningbo	20181031	4	2	0.5	1	16	4	2	<0.06	0.5	0.25	SAMN36593834
WAb580	208	2	KL210, OCL1	Hangzhou	20211222	512	512	128	128	1024	128	256	8	4	0.125	SAMN36593835
WAb583	208	2	KL7, OCL1	Hangzhou	20211227	512	512	128	128	1024	1024	128	8	0.5	0.06	SAMN36593836
WAb60	-	2	KL2, OCL1	Ningbo	20181214	512	512	64	32	1024	256	256	1	1	0.5	SAMN36593837
WAb64	208	2	KL14, OCL1	Ningbo	20191209	8	512	128	128	1024	256	128	8	1	0.06	SAMN36593838
WAb71	208	2	KL9, OCL1	Ningbo	20190223	8	512	64	64	1024	512	512	8	1	0.06	SAMN36593839
WAb72	208	2	KL9, OCL1	Ningbo	20190312	8	256	128	128	1024	256	512	8	1	0.125	SAMN36593840
WAb75	643	2	KL2, OCL1	Ningbo	20190413	512	512	64	64	1024	128	256	4	2	0.25	SAMN36593841
WAb85	643	2	KL194, OCL2	Ningbo	20200725	512	512	64	64	1024	128	512	8	2	0.125	SAMN36593842
A1	191	2	KL116, OCL1	Hangzhou	20171124	4	8	16	32	32	256	32	1	2	1	SAMN29490345
A11	195	2	KL77, OCL1	Hangzhou	20180201	1024	1024	32	64	128	512	256	16	2	0.25	SAMN29490346
A1123	191	2	KL2, OCL1	Hangzhou	20180325	4	8	8	32	64	256	64	1	0.5	1	SAMN29490347
A13	191	2	KL2, OCL1	Hangzhou	20180209	1024	1024	32	64	128	128	64	1	2	0.125	SAMN29490348
A14	195	2	KL44, OCL1	Hangzhou	20180224	1024	1024	32	64	128	512	256	8	2	0.125	SAMN29490349
A15	369	2	KL14, OCL1	Hangzhou	20180306	512	1024	32	64	64	512	256	8	2	0.5	SAMN29490350
A16	191	2	KL2, OCL1	Hangzhou	20150519	1024	1024	32	64	128	128	128	2	2	0.5	SAMN29490351
A17	195	2	KL2, OCL1	Hangzhou	20150128	1024	1024	32	64	128	512	256	16	2	0.5	SAMN29490352
A19	191	2	KL14, OCL1	Hangzhou	20150211	1024	1024	32	64	128	128	128	1	2	0.5	SAMN29490353
A2	191	2	KL2, OCL1	Hangzhou	20171123	512	1024	16	32	64	128	32	1	1	0.25	SAMN29490354
A22	1927	109	KL3, OCL1	Hangzhou	20150515	0.5	1	0.125	0.5	4	4	1	0.5	0.25	1	SAMN29490355
A24	191	2	KL2, OCL1	Hangzhou	20150817	1024	1024	16	64	128	128	64	1	2	0.5	SAMN29490356
A25	191	2	KL2, OCL1	Hangzhou	20150902	256	1024	16	64	128	128	64	2	1	0.25	SAMN29490357
A26	208	2	KL7, OCL1	Hangzhou	20150924	1024	1024	32	64	128	128	64	32	2	0.25	SAMN29490358
A27	195	2	KL28, OCL1	Hangzhou	20150925	1024	1024	16	64	64	512	512	8	0.5	0.5	SAMN29490359
A28	191	2	KL2, OCL1	Hangzhou	20151014	1024	1024	32	64	128	128	128	1	2	0.5	SAMN29490360
A3	191	2	KL7, OCL1	Hangzhou	20171212	512	1024	16	64	128	128	64	1	2	0.25	SAMN29490361
A30	208	2	KL28, OCL1	Hangzhou	20150523	0.5	2	32	32	128	128	64	1	2	0.25	SAMN29490362
A32	191	2	KL77, OCL1	Hangzhou	20151021	1024	1024	16	64	128	128	64	1	2	0.5	SAMN29490363
A33	195	2	KL2, OCL1	Hangzhou	20151106	512	1024	32	64	128	512	256	16	2	0.125	SAMN29490364
A34	208	2	KL2, OCL1	Hangzhou	20151108	1024	1024	32	128	128	1024	128	16	2	0.25	SAMN29490365
A36	195	2	KL77, OCL1	Hangzhou	20151120	512	1024	16	64	128	256	128	8	2	0.25	SAMN29490366
A37	784	2	KL49, OCL1	Hangzhou	20151215	1	64	32	64	128	1024	256	32	2	1	SAMN29490367
A38	368	2	KL7, OCL1	Hangzhou	20160229	2	8	64	128	512	128	128	16	1	0.25	SAMN29490368
A39	208	2	KL9, OCL1	Hangzhou	20160425	512	1024	16	32	128	256	64	16	2	0.25	SAMN29490369
A40	208	2	KL7, OCL1	Hangzhou	20170609	256	512	8	32	128	64	64	16	2	0.125	SAMN29490370
A41	195	2	KL2, OCL1	Hangzhou	20160603	1024	1024	32	64	128	1024	128	8	2	0.25	SAMN29490371
A42	1928	1302	KL7, OCL1	Hangzhou	20160729	0.5	1	0.063	0.5	8	8	4	0.5	0.25	0.5	SAMN29490372
A43	208	2	KL9, OCL1	Hangzhou	20161024	256	1024	16	32	128	128	64	16	2	0.5	SAMN29490373
A44	208	2	KL9, OCL1	Hangzhou	20161023	256	512	16	1024	1024	1024	1024	16	2	0.25	SAMN29490374
A45	208	2	KL7, OCL1	Hangzhou	20161212	256	512	64	128	128	128	128	16	2	0.25	SAMN29490375
A46	195	2	KL7, OCL1	Hangzhou	20170405	1024	1024	32	64	128	512	256	8	2	0.25	SAMN29490376
A47	195	2	KL7, OCL1	Hangzhou	20170521	1024	1024	64	128	128	512	256	8	2	0.25	SAMN29490377
A48	191	2	KL9, OCL1	Hangzhou	20150608	1024	1024	32	64	128	128	128	1	2	0.5	SAMN29490378
A49	191	2	KL210, OCL1	Hangzhou	20150630	1024	1024	32	64	128	128	128	0.5	2	0.5	SAMN29490379
A50	191	2	KL9, OCL1	Hangzhou	20150715	1024	1024	32	64	128	128	64	1	2	0.5	SAMN29490380
A51	195	2	KL9, OCL1	Hangzhou	20150727	1024	1024	32	128	128	512	256	8	2	0.125	SAMN29490381
A52	880	77	KL9, OCL1	Hangzhou	20150802	0.5	1	2	8	8	4	4	0.5	0.5	0.125	SAMN29490382
A6	195	2	KL9, OCL1	Hangzhou	20180108	1024	1024	64	64	128	512	256	16	2	0.0625	SAMN29490383
A7	369	2	KL210, OCL1	Hangzhou	20180109	1024	1024	32	64	64	512	128	16	2	0.5	SAMN29490384
A8	191	2	KL7, OCL1	Hangzhou	20180116	1024	1024	16	32	64	128	64	1	2	0.5	SAMN29490385
A9	191	2	KL84, OCL6	Hangzhou	20180119	1024	1024	16	32	64	128	32	1	2	0.25	SAMN29490386
B10	208	2	KL7, OCL1	Hangzhou	20180419	1024	1024	32	64	128	128	128	16	1	0.25	SAMN29490387
B12	208	2	KL189, OCL2	Hangzhou	20180422	1024	1024	32	64	128	512	128	16	1	0.25	SAMN29490388
B13	369	2	KL7, OCL1	Hangzhou	20180421	512	1024	32	64	64	512	128	8	0.5	0.25	SAMN29490389
B15	208	2	KL14, OCL6	Hangzhou	20180424	512	1024	32	64	128	256	128	32	2	0.25	SAMN29490390
B16	208	2	KL24, OCL2	Hangzhou	20180425	1024	1024	64	64	128	128	256	16	1	0.25	SAMN29490391
B18	369	2	KL9, OCL1	Hangzhou	20180426	1024	1024	32	64	128	512	256	8	1	0.25	SAMN29490392
B2	369	2	KL72, OCL1	Hangzhou	20180417	1024	1024	64	128	128	512	256	8	0.5	0.5	SAMN29490393
B24	208	2	KL2, OCL1	Hangzhou	20180506	1024	1024	32	64	64	128	128	4	1	0.25	SAMN29490394
B25	208	2	KL7, OCL1	Hangzhou	20180505	1024	1024	16	64	128	128	64	16	0.5	0.25	SAMN29490395
B26	208	2	KL210, OCL1	Hangzhou	20180505	2	2	32	64	64	128	128	4	1	0.25	SAMN29490396
B29	191	2	KL3, OCL1	Hangzhou	20180506	0.5	1	32	128	128	128	128	1	2	0.25	SAMN29490397
B3	191	2	KL3, OCL1	Hangzhou	20180417	0.5	1	16	32	64	128	128	1	0.5	0.125	SAMN29490398
B30	208	2	KL9, OCL1	Hangzhou	20180509	1024	1024	64	64	128	128	256	4	1	0.25	SAMN29490399
B31	191	2	KL7, OCL1	Hangzhou	20180510	4	8	16	32	64	128	64	1	1	0.25	SAMN29490400
B32	369	2	KL7, OCL1	Hangzhou	20180510	1024	1024	32	64	64	512	128	8	0.5	0.25	SAMN29490401
B34	368	2	KL9, OCL1	Hangzhou	20180511	0.5	2	32	64	64	16	64	16	1	0.25	SAMN29490402
B36	195	2	KL3, OCL1	Hangzhou	20180514	512	1024	32	64	128	512	128	8	1	0.125	SAMN29490403
B39	208	2	KL126, OCL16	Hangzhou	20180516	2	4	64	128	128	128	256	2	1	0.25	SAMN29490404
B41	208	2	KL7, OCL1	Hangzhou	20180516	1024	1024	32	64	128	512	256	32	0.5	0.125	SAMN29490405
B44	547	2	KL7, OCL1	Hangzhou	20180521	1024	1024	32	64	128	1024	512	8	2	0.5	SAMN29490406
B49	208	2	KL30, OCL1	Hangzhou	20180524	1024	1024	16	32	128	64	64	8	1	0.5	SAMN29490407
B5	208	2	KL2, OCL1	Hangzhou	20180418	1024	1024	32	64	128	128	64	16	0.5	0.25	SAMN29490408
B50	208	2	KL2, OCL1	Hangzhou	20180525	512	1024	32	64	128	512	128	32	1	0.125	SAMN29490409
B54	195	2	KL7, OCL1	Hangzhou	20180526	1024	1024	32	64	128	512	128	32	1	0.125	SAMN29490410
B55	369	2	KL8, OCL1	Hangzhou	20180528	512	1024	32	64	64	512	128	8	0.25	0.5	SAMN29490411
B59	208	2	KL8, OCL1	Hangzhou	20180601	1024	1024	64	64	128	64	256	32	1	0.25	SAMN29490412